<archive xmlns="http://rs.tdwg.org/dwc/text/" metadata="eml.xml">
  <core encoding="utf-8" fieldsTerminatedBy="\t" linesTerminatedBy="\n" fieldsEnclosedBy="" ignoreHeaderLines="1" rowType="http://rs.tdwg.org/dwc/terms/Occurrence">
    <files>
      <location>occurrence.txt</location>
    </files>
    <id index="0" />
    <field index="1" term="http://rs.tdwg.org/dwc/terms/occurrenceStatus"/>
    <field index="2" term="http://rs.tdwg.org/dwc/terms/locality"/>
    <field index="3" term="http://rs.tdwg.org/dwc/terms/collectionCode"/>
    <field index="4" term="http://rs.tdwg.org/dwc/terms/month"/>
    <field index="5" term="http://rs.tdwg.org/dwc/terms/verbatimEventDate"/>
    <field index="6" term="http://rs.tdwg.org/dwc/terms/phylum"/>
    <field index="7" term="http://rs.tdwg.org/dwc/terms/associatedMedia"/>
    <field index="8" term="http://purl.org/dc/terms/modified"/>
    <field index="9" term="http://rs.tdwg.org/dwc/terms/genus"/>
    <field index="10" term="http://rs.tdwg.org/dwc/terms/basisOfRecord"/>
    <field index="11" term="http://rs.tdwg.org/dwc/terms/catalogNumber"/>
    <field index="12" term="http://rs.tdwg.org/dwc/terms/eventDate"/>
    <field index="13" term="http://rs.tdwg.org/dwc/terms/identifiedBy"/>
    <field index="14" term="http://rs.tdwg.org/dwc/terms/identificationRemarks"/>
    <field index="15" term="http://rs.tdwg.org/dwc/terms/taxonRemarks"/>
    <field index="16" term="http://rs.tdwg.org/dwc/terms/taxonomicStatus"/>
    <field index="17" term="http://rs.tdwg.org/dwc/terms/day"/>
    <field index="18" term="http://rs.tdwg.org/dwc/terms/countryCode"/>
    <field index="19" term="http://rs.tdwg.org/dwc/terms/country"/>
    <field index="20" term="http://rs.tdwg.org/dwc/terms/fieldNotes"/>
    <field index="21" term="http://rs.tdwg.org/dwc/terms/recordedBy"/>
    <field index="22" term="http://rs.tdwg.org/dwc/terms/family"/>
    <field index="23" term="http://rs.tdwg.org/dwc/terms/year"/>
    <field index="24" term="http://rs.tdwg.org/dwc/terms/institutionCode"/>
    <field index="25" term="http://rs.tdwg.org/dwc/terms/vernacularName"/>
    <field index="26" term="http://rs.tdwg.org/dwc/terms/verbatimLocality"/>
    <field index="27" term="http://rs.tdwg.org/dwc/terms/scientificName"/>
    <field index="28" term="http://rs.tdwg.org/dwc/terms/order"/>
    <field index="29" term="http://rs.tdwg.org/dwc/terms/kingdom"/>
    <field index="30" term="http://rs.tdwg.org/dwc/terms/class"/>
    <field index="31" term="http://rs.tdwg.org/dwc/terms/dateIdentified"/>
  </core>
</archive>
