<eml:eml xmlns:eml="eml://ecoinformatics.org/eml-2.1.1" 
    xmlns:md="eml://ecoinformatics.org/methods-2.1.1" 
    xmlns:proj="eml://ecoinformatics.org/project-2.1.1" 
    xmlns:d="eml://ecoinformatics.org/dataset-2.1.1" 
    xmlns:res="eml://ecoinformatics.org/resource-2.1.1" 
    xmlns:dc="http://purl.org/dc/terms/" 
    xmlns:xsi="http://www.w3.org/2001/XMLSchema-instance"
    xsi:schemaLocation="eml://ecoinformatics.org/eml-2.1.1 http://rs.gbif.org/schema/eml-gbif-profile/1.0.1/eml.xsd"
    packageId="905589dd-1f8f-4aee-95e6-5672466e348d/v4" system="http://gbif.org" scope="system" xml:lang="eng">

    <dataset>
      <title xml:lang="eng">MLZ Bird Collection (Arctos)</title>
      <creator>
    <individualName>
      <givenName>John</givenName>
      <surName>McCormack</surName>
    </individualName>
    <organizationName>Moore Laboratory of Zoology</organizationName>
    <positionName>Director/Curator</positionName>
    <address>
      <deliveryPoint>1600 Campus Road, Occidental College</deliveryPoint>
      <city>Los Angeles</city>
      <administrativeArea>CA</administrativeArea>
      <postalCode>90041</postalCode>
      <country>US</country>
    </address>
    <phone>(323) 259-1352</phone>
    <electronicMailAddress>mccormack@oxy.edu</electronicMailAddress>
    <onlineUrl>http://faculty.oxy.edu/mccormack/</onlineUrl>
      </creator>
      <metadataProvider>
    <individualName>
      <givenName>John</givenName>
      <surName>McCormack</surName>
    </individualName>
    <organizationName>Moore Laboratory of Zoology</organizationName>
    <positionName>Director/Curator</positionName>
    <address>
      <deliveryPoint>1600 Campus Road, Occidental College</deliveryPoint>
      <city>Los Angeles</city>
      <administrativeArea>CA</administrativeArea>
      <postalCode>90041</postalCode>
      <country>US</country>
    </address>
    <phone>(323) 259-1352</phone>
    <electronicMailAddress>mccormack@oxy.edu</electronicMailAddress>
    <onlineUrl>http://faculty.oxy.edu/mccormack/</onlineUrl>
      </metadataProvider>
      <associatedParty>
    <individualName>
      <givenName>Laura</givenName>
      <surName>Russell</surName>
    </individualName>
    <organizationName>VertNet</organizationName>
    <positionName>VertNet Programmer</positionName>
    <electronicMailAddress>larussell@vertnet.org</electronicMailAddress>
    <role>programmer</role>
      </associatedParty>
      <associatedParty>
    <individualName>
      <givenName>David</givenName>
      <surName>Bloom</surName>
    </individualName>
    <positionName>VertNet Coordinator</positionName>
    <electronicMailAddress>dbloom@vertnet.org</electronicMailAddress>
    <role>programmer</role>
      </associatedParty>
      <associatedParty>
    <individualName>
      <givenName>John</givenName>
      <surName>Wieczorek</surName>
    </individualName>
    <organizationName>Museum of Vertebrate Zoology at UC Berkeley</organizationName>
    <positionName>Information Architect</positionName>
    <electronicMailAddress>tuco@berkeley.edu</electronicMailAddress>
    <role>programmer</role>
      </associatedParty>
      <associatedParty>
    <individualName>
      <givenName>Dusty</givenName>
      <surName>McDonald</surName>
    </individualName>
    <organizationName>University of Alaska Museum</organizationName>
    <positionName>Arctos Database Programmer</positionName>
    <electronicMailAddress>dlmcdonald@alaska.edu</electronicMailAddress>
    <onlineUrl>http://arctos.database.museum</onlineUrl>
    <role>pointOfContact</role>
      </associatedParty>
      <associatedParty>
    <individualName>
      <givenName>Fiona</givenName>
      <surName>Gowen</surName>
    </individualName>
    <organizationName>Moore Laboratory of Zoology</organizationName>
    <positionName>Associate Curator</positionName>
    <address>
      <deliveryPoint>1600 Campus Road, Occidental College</deliveryPoint>
      <city>Los Angeles</city>
      <administrativeArea>CA</administrativeArea>
      <postalCode>90041</postalCode>
      <country>US</country>
    </address>
    <phone>(323) 259-2673</phone>
    <electronicMailAddress>fgowen@oxy.edu</electronicMailAddress>
    <onlineUrl>http://www.oxy.edu/moore-lab-zoology</onlineUrl>
    <role>AssociatedParty</role>
      </associatedParty>
	  <pubDate>
      	2013-01-15
      </pubDate>
      <language>eng</language>
      <abstract>
        <para>The Moore Laboratory of Zoology is located at Occidental College. The bird collection houses over 64,000 ornithological specimens. It is the largest Mexican bird collection in the world. The vast majority of the specimens are study skins (60,677), but the MLZ also contains 1,364 skeletons and 536 sets of nests and eggs. Robert T. Moore and his wife Margaret founded the MLZ in 1950, moving Moore’s personal collection from his Pasadena home to the building at Occidental College. Prominent collectors aside from Moore include Chester C. Lamb (who worked as Moore’s primary collector for decades and collected over 40,000 of the MLZ’s specimens), the Olalla Brothers and Sons, Mario del Toro Aviles, C.F. Underwood, J.T. Wright, and W.W. Brown. The collection continues its growth today with the addition of species from the western U.S. and Mexico.</para>
      </abstract>
      <intellectualRights>
        <para>The data and media available through Arctos are the property of the originating institution, with all rights reserved. These records are intended for use in education and research and may not be repackaged, redistributed, or sold in any form without prior written consent from the collection(s) holding such data. Users wishing to include Arctos data or media in publications, reports, websites, or other means of dissemination must acknowledge the provenance of the original data, cite the institutional catalog number(s), and notify the appropriate curator. The date that information was accessed should be cited when downloaded data are used in published analyses. These are secondary data and their accuracy is not guaranteed. Citation of Arctos is no substitute for examination of specimens. The data providers are not responsible for loss or damages due to use of these data. http://arctosdb.org/home/data/</para>
      </intellectualRights>
      <distribution scope="document">
        <online>
          <url function="information">http://www.oxy.edu/moore-lab-zoology</url>
        </online>
      </distribution>
      <coverage>        
        <geographicCoverage>
          <geographicDescription>The MLZ bird collection is global, with the largest holdings are from Mexico (50,000 specimens) and Ecuador (6,100 specimens). Other geographic strengths include Honduras (2,200 specimens), Guatemala (1,200 specimens), and Costa Rica (1,200 specimens). Most parts of Mexico are well-represented with the exception of Baja California and the Yucatan Peninsula.</geographicDescription>
          <boundingCoordinates>
            <westBoundingCoordinate>-180</westBoundingCoordinate>
            <eastBoundingCoordinate>180</eastBoundingCoordinate>
            <northBoundingCoordinate>90</northBoundingCoordinate>
            <southBoundingCoordinate>-90</southBoundingCoordinate>
          </boundingCoordinates>
        </geographicCoverage>
        <taxonomicCoverage>
         	<generalTaxonomicCoverage>Taxonomic strengths of the MLZ bird collection include Emberizidae (11,699), Tyrannidae (7,552), Trochilidae (6,954), Troglodytidae (2,846), Psittacidae (734), and Trogonidae (463). Robert T. Moore described nearly all the 81 bird holotypes, paratypes, and topotypes currently present.</generalTaxonomicCoverage>
         <taxonomicClassification>
           	<taxonRankName>class</taxonRankName>
           	<taxonRankValue>Aves</taxonRankValue>
         </taxonomicClassification>
        </taxonomicCoverage>
      </coverage>
      <contact>
    <individualName>
      <givenName>John</givenName>
      <surName>McCormack</surName>
    </individualName>
    <organizationName>Moore Laboratory of Zoology</organizationName>
    <positionName>Director/Curator</positionName>
    <address>
      <deliveryPoint>1600 Campus Road, Occidental College</deliveryPoint>
      <city>Los Angeles</city>
      <administrativeArea>CA</administrativeArea>
      <postalCode>90041</postalCode>
      <country>US</country>
    </address>
    <phone>(323) 259-1352</phone>
    <electronicMailAddress>mccormack@oxy.edu</electronicMailAddress>
    <onlineUrl>http://faculty.oxy.edu/mccormack/</onlineUrl>
      </contact>
    </dataset>
    <additionalMetadata>
     <metadata>
      <gbif>
        <dateStamp>2013-01-15T06:49:08.830-06:00</dateStamp>
        <hierarchyLevel>dataset</hierarchyLevel>
        <citation>Moore Laboratory of Zoology (MLZ)</citation>
       	<livingTimePeriod>1830-present</livingTimePeriod>
        <dc:replaces>905589dd-1f8f-4aee-95e6-5672466e348d/v3.xml</dc:replaces>
      </gbif>
     </metadata>
    </additionalMetadata>
</eml:eml>
